<?xml version="1.0"?>
<doc>
    <assembly>
        <name>YoutubeExplode</name>
    </assembly>
    <members>
        <member name="T:YoutubeExplode.Exceptions.UnrecognizedStructureException">
            <summary>
            Thrown when YoutubeExplode fails to extract required information.
            This usually happens when YouTube makes changes that break YoutubeExplode.
            </summary>
        </member>
        <member name="M:YoutubeExplode.Exceptions.UnrecognizedStructureException.#ctor(System.String)">
            <summary>
            Initializes an instance of <see cref="T:YoutubeExplode.Exceptions.UnrecognizedStructureException"/>.
            </summary>
        </member>
        <member name="T:YoutubeExplode.Exceptions.VideoRequiresPurchaseException">
            <summary>
            Thrown when a video is not playable because it requires purchase.
            </summary>
        </member>
        <member name="P:YoutubeExplode.Exceptions.VideoRequiresPurchaseException.PreviewVideoId">
            <summary>
            ID of the preview video.
            </summary>
        </member>
        <member name="M:YoutubeExplode.Exceptions.VideoRequiresPurchaseException.#ctor(System.String,System.String,System.String)">
            <summary>
            Initializes an instance of <see cref="T:YoutubeExplode.Exceptions.VideoRequiresPurchaseException"/>.
            </summary>
        </member>
        <member name="T:YoutubeExplode.Exceptions.VideoUnavailableException">
            <summary>
            Thrown when a video is not available and cannot be processed.
            This can happen because the video does not exist, is deleted, is private, or due to other reasons.
            </summary>
        </member>
        <member name="P:YoutubeExplode.Exceptions.VideoUnavailableException.VideoId">
            <summary>
            ID of the video.
            </summary>
        </member>
        <member name="M:YoutubeExplode.Exceptions.VideoUnavailableException.#ctor(System.String,System.String)">
            <summary>
            Initializes an instance of <see cref="T:YoutubeExplode.Exceptions.VideoUnavailableException"/>.
            </summary>
        </member>
        <member name="T:YoutubeExplode.Exceptions.VideoUnplayableException">
            <summary>
            Thrown when a video is not playable and its streams cannot be resolved.
            This can happen because the video requires purchase, is blocked in your country, is controversial, or due to other reasons.
            </summary>
        </member>
        <member name="P:YoutubeExplode.Exceptions.VideoUnplayableException.VideoId">
            <summary>
            ID of the video.
            </summary>
        </member>
        <member name="M:YoutubeExplode.Exceptions.VideoUnplayableException.#ctor(System.String,System.String)">
            <summary>
            Initializes an instance of <see cref="T:YoutubeExplode.Exceptions.VideoUnplayableException"/>.
            </summary>
        </member>
        <member name="T:YoutubeExplode.IYoutubeClient">
            <summary>
            Interface for <see cref="T:YoutubeExplode.YoutubeClient"/>.
            </summary>
        </member>
        <member name="M:YoutubeExplode.IYoutubeClient.GetVideoAsync(System.String)">
            <summary>
            Gets video information by ID.
            </summary>
        </member>
        <member name="M:YoutubeExplode.IYoutubeClient.GetVideoAuthorChannelAsync(System.String)">
            <summary>
            Gets author channel information for given video.
            </summary>
        </member>
        <member name="M:YoutubeExplode.IYoutubeClient.GetVideoMediaStreamInfosAsync(System.String)">
            <summary>
            Gets a set of all available media stream infos for given video.
            </summary>
        </member>
        <member name="M:YoutubeExplode.IYoutubeClient.GetVideoClosedCaptionTrackInfosAsync(System.String)">
            <summary>
            Gets all available closed caption track infos for given video.
            </summary>
        </member>
        <member name="M:YoutubeExplode.IYoutubeClient.GetPlaylistAsync(System.String,System.Int32)">
            <summary>
            Gets playlist information by ID.
            The video list is truncated at given number of pages (1 page ≤ 200 videos).
            </summary>
        </member>
        <member name="M:YoutubeExplode.IYoutubeClient.GetPlaylistAsync(System.String)">
            <summary>
            Gets playlist information by ID.
            </summary>
        </member>
        <member name="M:YoutubeExplode.IYoutubeClient.SearchVideosAsync(System.String,System.Int32)">
            <summary>
            Searches videos using given query.
            The video list is truncated at given number of pages (1 page ≤ 20 videos).
            </summary>
        </member>
        <member name="M:YoutubeExplode.IYoutubeClient.SearchVideosAsync(System.String)">
            <summary>
            Searches videos using given query.
            </summary>
        </member>
        <member name="M:YoutubeExplode.IYoutubeClient.GetChannelIdAsync(System.String)">
            <summary>
            Gets channel ID by username.
            </summary>
        </member>
        <member name="M:YoutubeExplode.IYoutubeClient.GetChannelAsync(System.String)">
            <summary>
            Gets channel information by ID.
            </summary>
        </member>
        <member name="M:YoutubeExplode.IYoutubeClient.GetChannelUploadsAsync(System.String,System.Int32)">
            <summary>
            Gets videos uploaded by channel with given ID.
            The video list is truncated at given number of pages (1 page ≤ 200 videos).
            </summary>
        </member>
        <member name="M:YoutubeExplode.IYoutubeClient.GetChannelUploadsAsync(System.String)">
            <summary>
            Gets videos uploaded by channel with given ID.
            </summary>
        </member>
        <member name="M:YoutubeExplode.IYoutubeClient.GetMediaStreamAsync(YoutubeExplode.Models.MediaStreams.MediaStreamInfo)">
            <summary>
            Gets the media stream associated with given metadata.
            </summary>
        </member>
        <member name="M:YoutubeExplode.IYoutubeClient.DownloadMediaStreamAsync(YoutubeExplode.Models.MediaStreams.MediaStreamInfo,System.IO.Stream,System.IProgress{System.Double},System.Threading.CancellationToken)">
            <summary>
            Downloads the stream associated with given metadata to the output stream.
            </summary>
        </member>
        <member name="M:YoutubeExplode.IYoutubeClient.DownloadMediaStreamAsync(YoutubeExplode.Models.MediaStreams.MediaStreamInfo,System.String,System.IProgress{System.Double},System.Threading.CancellationToken)">
            <summary>
            Downloads the stream associated with given metadata to a file.
            </summary>
        </member>
        <member name="M:YoutubeExplode.IYoutubeClient.GetClosedCaptionTrackAsync(YoutubeExplode.Models.ClosedCaptions.ClosedCaptionTrackInfo)">
            <summary>
            Gets the closed caption track associated with given metadata.
            </summary>
        </member>
        <member name="M:YoutubeExplode.IYoutubeClient.DownloadClosedCaptionTrackAsync(YoutubeExplode.Models.ClosedCaptions.ClosedCaptionTrackInfo,System.IO.Stream,System.IProgress{System.Double},System.Threading.CancellationToken)">
            <summary>
            Downloads the closed caption track associated with given metadata to the output stream.
            </summary>
        </member>
        <member name="M:YoutubeExplode.IYoutubeClient.DownloadClosedCaptionTrackAsync(YoutubeExplode.Models.ClosedCaptions.ClosedCaptionTrackInfo,System.String,System.IProgress{System.Double},System.Threading.CancellationToken)">
            <summary>
            Downloads the closed caption track associated with given metadata to a file.
            </summary>
        </member>
        <member name="T:YoutubeExplode.Models.Channel">
            <summary>
            Information about a YouTube channel.
            </summary>
        </member>
        <member name="P:YoutubeExplode.Models.Channel.Id">
            <summary>
            ID of this channel.
            </summary>
        </member>
        <member name="P:YoutubeExplode.Models.Channel.Title">
            <summary>
            Title of this channel.
            </summary>
        </member>
        <member name="P:YoutubeExplode.Models.Channel.LogoUrl">
            <summary>
            Logo image URL of this channel.
            </summary>
        </member>
        <member name="M:YoutubeExplode.Models.Channel.#ctor(System.String,System.String,System.String)">
            <summary>
            Initializes an instance of <see cref="T:YoutubeExplode.Models.Channel"/>.
            </summary>
        </member>
        <member name="M:YoutubeExplode.Models.Channel.ToString">
            <inheritdoc />
        </member>
        <member name="T:YoutubeExplode.Models.ClosedCaptions.ClosedCaption">
            <summary>
            Text that gets displayed at specific time during video playback, as part of a <see cref="T:YoutubeExplode.Models.ClosedCaptions.ClosedCaptionTrack"/>.
            </summary>
        </member>
        <member name="P:YoutubeExplode.Models.ClosedCaptions.ClosedCaption.Text">
            <summary>
            Text displayed by this caption.
            </summary>
        </member>
        <member name="P:YoutubeExplode.Models.ClosedCaptions.ClosedCaption.Offset">
            <summary>
            Time at which this caption starts being displayed.
            </summary>
        </member>
        <member name="P:YoutubeExplode.Models.ClosedCaptions.ClosedCaption.Duration">
            <summary>
            Duration this caption is displayed.
            </summary>
        </member>
        <member name="M:YoutubeExplode.Models.ClosedCaptions.ClosedCaption.#ctor(System.String,System.TimeSpan,System.TimeSpan)">
            <summary>
            Initializes an instance of <see cref="T:YoutubeExplode.Models.ClosedCaptions.ClosedCaption"/>.
            </summary>
        </member>
        <member name="M:YoutubeExplode.Models.ClosedCaptions.ClosedCaption.ToString">
            <inheritdoc />
        </member>
        <member name="T:YoutubeExplode.Models.ClosedCaptions.ClosedCaptionTrack">
            <summary>
            Set of captions that get displayed during video playback.
            </summary>
        </member>
        <member name="P:YoutubeExplode.Models.ClosedCaptions.ClosedCaptionTrack.Info">
            <summary>
            Metadata associated with this track.
            </summary>
        </member>
        <member name="P:YoutubeExplode.Models.ClosedCaptions.ClosedCaptionTrack.Captions">
            <summary>
            Collection of closed captions that belong to this track.
            </summary>
        </member>
        <member name="M:YoutubeExplode.Models.ClosedCaptions.ClosedCaptionTrack.#ctor(YoutubeExplode.Models.ClosedCaptions.ClosedCaptionTrackInfo,System.Collections.Generic.IReadOnlyList{YoutubeExplode.Models.ClosedCaptions.ClosedCaption})">
            <summary>
            Initializes an instance of <see cref="T:YoutubeExplode.Models.ClosedCaptions.ClosedCaptionTrack"/>.
            </summary>
        </member>
        <member name="T:YoutubeExplode.Models.ClosedCaptions.ClosedCaptionTrackInfo">
            <summary>
            Metadata associated with a certain <see cref="T:YoutubeExplode.Models.ClosedCaptions.ClosedCaptionTrack"/>.
            </summary>
        </member>
        <member name="P:YoutubeExplode.Models.ClosedCaptions.ClosedCaptionTrackInfo.Url">
            <summary>
            Manifest URL of the associated track.
            </summary>
        </member>
        <member name="P:YoutubeExplode.Models.ClosedCaptions.ClosedCaptionTrackInfo.Language">
            <summary>
            Language of the associated track.
            </summary>
        </member>
        <member name="P:YoutubeExplode.Models.ClosedCaptions.ClosedCaptionTrackInfo.IsAutoGenerated">
            <summary>
            Whether the associated track was automatically generated.
            </summary>
        </member>
        <member name="M:YoutubeExplode.Models.ClosedCaptions.ClosedCaptionTrackInfo.#ctor(System.String,YoutubeExplode.Models.ClosedCaptions.Language,System.Boolean)">
            <summary>
            Initializes an instance of <see cref="T:YoutubeExplode.Models.ClosedCaptions.ClosedCaptionTrackInfo"/>.
            </summary>
        </member>
        <member name="M:YoutubeExplode.Models.ClosedCaptions.ClosedCaptionTrackInfo.ToString">
            <inheritdoc />
        </member>
        <member name="T:YoutubeExplode.Models.ClosedCaptions.Extensions">
            <summary>
            Extensions for <see cref="N:YoutubeExplode.Models.ClosedCaptions"/>.
            </summary>
        </member>
        <member name="M:YoutubeExplode.Models.ClosedCaptions.Extensions.GetByTime(YoutubeExplode.Models.ClosedCaptions.ClosedCaptionTrack,System.TimeSpan)">
            <summary>
            Gets caption displayed at the given point in time.
            Returns null if not found.
            </summary>
        </member>
        <member name="T:YoutubeExplode.Models.ClosedCaptions.Language">
            <summary>
            Language information.
            </summary>
        </member>
        <member name="P:YoutubeExplode.Models.ClosedCaptions.Language.Code">
            <summary>
            ISO 639-1 code of this language.
            </summary>
        </member>
        <member name="P:YoutubeExplode.Models.ClosedCaptions.Language.Name">
            <summary>
            Full English name of this language.
            </summary>
        </member>
        <member name="M:YoutubeExplode.Models.ClosedCaptions.Language.#ctor(System.String,System.String)">
            <summary>
            Initializes an instance of <see cref="T:YoutubeExplode.Models.ClosedCaptions.Language"/>.
            </summary>
        </member>
        <member name="M:YoutubeExplode.Models.ClosedCaptions.Language.ToString">
            <inheritdoc />
        </member>
        <member name="T:YoutubeExplode.Models.Extensions">
            <summary>
            Extensions for <see cref="N:YoutubeExplode.Models"/>.
            </summary>
        </member>
        <member name="M:YoutubeExplode.Models.Extensions.GetUrl(YoutubeExplode.Models.Video)">
            <summary>
            Gets the regular URL of a video.
            </summary>
        </member>
        <member name="M:YoutubeExplode.Models.Extensions.GetShortUrl(YoutubeExplode.Models.Video)">
            <summary>
            Gets the short URL of a video.
            </summary>
        </member>
        <member name="M:YoutubeExplode.Models.Extensions.GetEmbedUrl(YoutubeExplode.Models.Video)">
            <summary>
            Gets the embed URL of a video.
            </summary>
        </member>
        <member name="M:YoutubeExplode.Models.Extensions.GetUrl(YoutubeExplode.Models.Playlist)">
            <summary>
            Gets the regular URL of a playlist.
            </summary>
        </member>
        <member name="M:YoutubeExplode.Models.Extensions.GetWatchUrl(YoutubeExplode.Models.Playlist)">
            <summary>
            Gets the watch URL of a playlist set to play the first video.
            </summary>
        </member>
        <member name="M:YoutubeExplode.Models.Extensions.GetShortUrl(YoutubeExplode.Models.Playlist)">
            <summary>
            Gets the short URL of a playlist set to play the first video.
            </summary>
        </member>
        <member name="M:YoutubeExplode.Models.Extensions.GetEmbedUrl(YoutubeExplode.Models.Playlist)">
            <summary>
            Gets the embed URL of a playlist set to play the first video.
            </summary>
        </member>
        <member name="M:YoutubeExplode.Models.Extensions.GetUrl(YoutubeExplode.Models.Channel)">
            <summary>
            Gets the URL of a channel.
            </summary>
        </member>
        <member name="M:YoutubeExplode.Models.Extensions.GetVideoMixPlaylistId(YoutubeExplode.Models.Video)">
            <summary>
            Gets ID of a playlist that consists of similar videos.
            </summary>
        </member>
        <member name="M:YoutubeExplode.Models.Extensions.GetChannelVideoMixPlaylistId(YoutubeExplode.Models.Video)">
            <summary>
            Gets ID of a playlist that consists of similar videos from the same channel.
            </summary>
        </member>
        <member name="M:YoutubeExplode.Models.Extensions.GetChannelVideosPlaylistId(YoutubeExplode.Models.Channel)">
            <summary>
            Gets ID of a playlist that consists of this channel's uploads.
            </summary>
        </member>
        <member name="M:YoutubeExplode.Models.Extensions.GetPopularChannelVideosPlaylistId(YoutubeExplode.Models.Channel)">
            <summary>
            Gets ID of a playlist that consists of this channel's popular uploads.
            </summary>
        </member>
        <member name="M:YoutubeExplode.Models.Extensions.GetLikedVideosPlaylistId(YoutubeExplode.Models.Channel)">
            <summary>
            Gets ID of a playlist that consists of this channel's liked videos.
            </summary>
        </member>
        <member name="M:YoutubeExplode.Models.Extensions.GetFavoritesPlaylistId(YoutubeExplode.Models.Channel)">
            <summary>
            Gets ID of a playlist that consists of this channel's favorite videos.
            </summary>
        </member>
        <member name="T:YoutubeExplode.Models.MediaStreams.AudioEncoding">
            <summary>
            Audio encoding.
            </summary>
        </member>
        <member name="F:YoutubeExplode.Models.MediaStreams.AudioEncoding.Aac">
            <summary>
            MPEG-4 Part 3, Advanced Audio Coding (AAC).
            </summary>
        </member>
        <member name="F:YoutubeExplode.Models.MediaStreams.AudioEncoding.Vorbis">
            <summary>
            Vorbis.
            </summary>
        </member>
        <member name="F:YoutubeExplode.Models.MediaStreams.AudioEncoding.Opus">
            <summary>
            Opus.
            </summary>
        </member>
        <member name="T:YoutubeExplode.Models.MediaStreams.AudioStreamInfo">
            <summary>
            Metadata associated with a certain <see cref="T:YoutubeExplode.Models.MediaStreams.MediaStream"/> that contains only audio.
            </summary>
        </member>
        <member name="P:YoutubeExplode.Models.MediaStreams.AudioStreamInfo.Bitrate">
            <summary>
            Bitrate (bits/s) of the associated stream.
            </summary>
        </member>
        <member name="P:YoutubeExplode.Models.MediaStreams.AudioStreamInfo.AudioEncoding">
            <summary>
            Audio encoding of the associated stream.
            </summary>
        </member>
        <member name="M:YoutubeExplode.Models.MediaStreams.AudioStreamInfo.#ctor(System.Int32,System.String,YoutubeExplode.Models.MediaStreams.Container,System.Int64,System.Int64,YoutubeExplode.Models.MediaStreams.AudioEncoding)">
            <summary>
            Initializes an instance of <see cref="T:YoutubeExplode.Models.MediaStreams.AudioStreamInfo"/>.
            </summary>
        </member>
        <member name="M:YoutubeExplode.Models.MediaStreams.AudioStreamInfo.ToString">
            <inheritdoc />
        </member>
        <member name="T:YoutubeExplode.Models.MediaStreams.Container">
            <summary>
            Media stream container type.
            </summary>
        </member>
        <member name="F:YoutubeExplode.Models.MediaStreams.Container.Mp4">
            <summary>
            MPEG-4 Part 14 (.mp4).
            </summary>
        </member>
        <member name="F:YoutubeExplode.Models.MediaStreams.Container.WebM">
            <summary>
            Web Media (.webm).
            </summary>
        </member>
        <member name="F:YoutubeExplode.Models.MediaStreams.Container.Tgpp">
            <summary>
            3rd Generation Partnership Project (.3gpp).
            </summary>
        </member>
        <member name="T:YoutubeExplode.Models.MediaStreams.Extensions">
            <summary>
            Extensions for <see cref="N:YoutubeExplode.Models.MediaStreams"/>.
            </summary>
        </member>
        <member name="M:YoutubeExplode.Models.MediaStreams.Extensions.GetFileExtension(YoutubeExplode.Models.MediaStreams.Container)">
            <summary>
            Gets file extension based on container type.
            </summary>
        </member>
        <member name="M:YoutubeExplode.Models.MediaStreams.Extensions.GetAll(YoutubeExplode.Models.MediaStreams.MediaStreamInfoSet)">
            <summary>
            Gets all available media stream infos in a <see cref="T:YoutubeExplode.Models.MediaStreams.MediaStreamInfoSet"/>.
            </summary>
        </member>
        <member name="M:YoutubeExplode.Models.MediaStreams.Extensions.GetAllVideoQualities(YoutubeExplode.Models.MediaStreams.MediaStreamInfoSet)">
            <summary>
            Gets all video qualities available in a <see cref="T:YoutubeExplode.Models.MediaStreams.MediaStreamInfoSet"/>.
            </summary>
        </member>
        <member name="M:YoutubeExplode.Models.MediaStreams.Extensions.GetAllVideoQualityLabels(YoutubeExplode.Models.MediaStreams.MediaStreamInfoSet)">
            <summary>
            Gets video quality labels of all streams available in a <see cref="T:YoutubeExplode.Models.MediaStreams.MediaStreamInfoSet"/>.
            </summary>
        </member>
        <member name="M:YoutubeExplode.Models.MediaStreams.Extensions.WithHighestVideoQuality(System.Collections.Generic.IEnumerable{YoutubeExplode.Models.MediaStreams.MuxedStreamInfo})">
            <summary>
            Gets the muxed stream with highest video quality.
            Returns null if sequence is empty.
            </summary>
        </member>
        <member name="M:YoutubeExplode.Models.MediaStreams.Extensions.WithHighestVideoQuality(System.Collections.Generic.IEnumerable{YoutubeExplode.Models.MediaStreams.VideoStreamInfo})">
            <summary>
            Gets the video stream with highest video quality.
            Returns null if sequence is empty.
            </summary>
        </member>
        <member name="M:YoutubeExplode.Models.MediaStreams.Extensions.WithHighestBitrate(System.Collections.Generic.IEnumerable{YoutubeExplode.Models.MediaStreams.AudioStreamInfo})">
            <summary>
            Gets the audio stream with highest bitrate.
            Returns null if sequence is empty.
            </summary>
        </member>
        <member name="M:YoutubeExplode.Models.MediaStreams.Extensions.WithHighestBitrate(System.Collections.Generic.IEnumerable{YoutubeExplode.Models.MediaStreams.VideoStreamInfo})">
            <summary>
            Gets the video stream with highest bitrate.
            Returns null if sequence is empty.
            </summary>
        </member>
        <member name="T:YoutubeExplode.Models.MediaStreams.MediaStream">
            <summary>
            Stream that contains raw media data.
            </summary>
        </member>
        <member name="P:YoutubeExplode.Models.MediaStreams.MediaStream.Info">
            <summary>
            Metadata associated with this stream.
            </summary>
        </member>
        <member name="P:YoutubeExplode.Models.MediaStreams.MediaStream.CanRead">
            <inheritdoc />
        </member>
        <member name="P:YoutubeExplode.Models.MediaStreams.MediaStream.CanSeek">
            <inheritdoc />
        </member>
        <member name="P:YoutubeExplode.Models.MediaStreams.MediaStream.CanWrite">
            <inheritdoc />
        </member>
        <member name="P:YoutubeExplode.Models.MediaStreams.MediaStream.Length">
            <inheritdoc />
        </member>
        <member name="P:YoutubeExplode.Models.MediaStreams.MediaStream.Position">
            <inheritdoc />
        </member>
        <member name="M:YoutubeExplode.Models.MediaStreams.MediaStream.#ctor(YoutubeExplode.Models.MediaStreams.MediaStreamInfo,System.IO.Stream)">
            <summary>
            Initializes an instance of <see cref="T:YoutubeExplode.Models.MediaStreams.MediaStream"/>.
            </summary>
        </member>
        <member name="M:YoutubeExplode.Models.MediaStreams.MediaStream.Read(System.Byte[],System.Int32,System.Int32)">
            <inheritdoc />
        </member>
        <member name="M:YoutubeExplode.Models.MediaStreams.MediaStream.ReadAsync(System.Byte[],System.Int32,System.Int32,System.Threading.CancellationToken)">
            <inheritdoc />
        </member>
        <member name="M:YoutubeExplode.Models.MediaStreams.MediaStream.Seek(System.Int64,System.IO.SeekOrigin)">
            <inheritdoc />
        </member>
        <member name="M:YoutubeExplode.Models.MediaStreams.MediaStream.Flush">
            <inheritdoc />
        </member>
        <member name="M:YoutubeExplode.Models.MediaStreams.MediaStream.SetLength(System.Int64)">
            <inheritdoc />
        </member>
        <member name="M:YoutubeExplode.Models.MediaStreams.MediaStream.Write(System.Byte[],System.Int32,System.Int32)">
            <inheritdoc />
        </member>
        <member name="M:YoutubeExplode.Models.MediaStreams.MediaStream.Dispose(System.Boolean)">
            <summary>
            Disposes resources.
            </summary>
        </member>
        <member name="T:YoutubeExplode.Models.MediaStreams.MediaStreamInfo">
            <summary>
            Metadata associated with a certain <see cref="T:YoutubeExplode.Models.MediaStreams.MediaStream"/>.
            </summary>
        </member>
        <member name="P:YoutubeExplode.Models.MediaStreams.MediaStreamInfo.Itag">
            <summary>
            Unique tag that identifies the properties of the associated stream.
            </summary>
        </member>
        <member name="P:YoutubeExplode.Models.MediaStreams.MediaStreamInfo.Url">
            <summary>
            URL of the endpoint that serves the associated stream.
            </summary>
        </member>
        <member name="P:YoutubeExplode.Models.MediaStreams.MediaStreamInfo.Container">
            <summary>
            Container type of the associated stream.
            </summary>
        </member>
        <member name="P:YoutubeExplode.Models.MediaStreams.MediaStreamInfo.Size">
            <summary>
            Content length (bytes) of the associated stream.
            </summary>
        </member>
        <member name="M:YoutubeExplode.Models.MediaStreams.MediaStreamInfo.#ctor(System.Int32,System.String,YoutubeExplode.Models.MediaStreams.Container,System.Int64)">
            <summary>
            Initializes an instance of <see cref="T:YoutubeExplode.Models.MediaStreams.MediaStreamInfo"/>.
            </summary>
        </member>
        <member name="M:YoutubeExplode.Models.MediaStreams.MediaStreamInfo.ToString">
            <inheritdoc />
        </member>
        <member name="T:YoutubeExplode.Models.MediaStreams.MediaStreamInfoSet">
            <summary>
            Set of all available media stream infos.
            </summary>
        </member>
        <member name="P:YoutubeExplode.Models.MediaStreams.MediaStreamInfoSet.Muxed">
            <summary>
            Muxed streams.
            </summary>
        </member>
        <member name="P:YoutubeExplode.Models.MediaStreams.MediaStreamInfoSet.Audio">
            <summary>
            Audio-only streams.
            </summary>
        </member>
        <member name="P:YoutubeExplode.Models.MediaStreams.MediaStreamInfoSet.Video">
            <summary>
            Video-only streams.
            </summary>
        </member>
        <member name="P:YoutubeExplode.Models.MediaStreams.MediaStreamInfoSet.HlsLiveStreamUrl">
            <summary>
            Raw HTTP Live Streaming (HLS) URL to the m3u8 playlist.
            Null if not a live stream.
            </summary>
        </member>
        <member name="P:YoutubeExplode.Models.MediaStreams.MediaStreamInfoSet.ValidUntil">
            <summary>
            Expiry date for this information.
            </summary>
        </member>
        <member name="M:YoutubeExplode.Models.MediaStreams.MediaStreamInfoSet.#ctor(System.Collections.Generic.IReadOnlyList{YoutubeExplode.Models.MediaStreams.MuxedStreamInfo},System.Collections.Generic.IReadOnlyList{YoutubeExplode.Models.MediaStreams.AudioStreamInfo},System.Collections.Generic.IReadOnlyList{YoutubeExplode.Models.MediaStreams.VideoStreamInfo},System.String,System.DateTimeOffset)">
            <summary>
            Initializes an instance of <see cref="T:YoutubeExplode.Models.MediaStreams.MediaStreamInfoSet"/>.
            </summary>
        </member>
        <member name="T:YoutubeExplode.Models.MediaStreams.MuxedStreamInfo">
            <summary>
            Metadata associated with a certain <see cref="T:YoutubeExplode.Models.MediaStreams.MediaStream"/> that contains both audio and video.
            </summary>
        </member>
        <member name="P:YoutubeExplode.Models.MediaStreams.MuxedStreamInfo.AudioEncoding">
            <summary>
            Audio encoding of the associated stream.
            </summary>
        </member>
        <member name="P:YoutubeExplode.Models.MediaStreams.MuxedStreamInfo.VideoEncoding">
            <summary>
            Video encoding of the associated stream.
            </summary>
        </member>
        <member name="P:YoutubeExplode.Models.MediaStreams.MuxedStreamInfo.VideoQualityLabel">
            <summary>
            Video quality label of the associated stream.
            </summary>
        </member>
        <member name="P:YoutubeExplode.Models.MediaStreams.MuxedStreamInfo.VideoQuality">
            <summary>
            Video quality of the associated stream.
            </summary>
        </member>
        <member name="P:YoutubeExplode.Models.MediaStreams.MuxedStreamInfo.Resolution">
            <summary>
            Video resolution of the associated stream.
            </summary>
        </member>
        <member name="M:YoutubeExplode.Models.MediaStreams.MuxedStreamInfo.#ctor(System.Int32,System.String,YoutubeExplode.Models.MediaStreams.Container,System.Int64,YoutubeExplode.Models.MediaStreams.AudioEncoding,YoutubeExplode.Models.MediaStreams.VideoEncoding,System.String,YoutubeExplode.Models.MediaStreams.VideoQuality,YoutubeExplode.Models.MediaStreams.VideoResolution)">
            <summary>
            Initializes an instance of <see cref="T:YoutubeExplode.Models.MediaStreams.MuxedStreamInfo"/>.
            </summary>
        </member>
        <member name="M:YoutubeExplode.Models.MediaStreams.MuxedStreamInfo.ToString">
            <inheritdoc />
        </member>
        <member name="T:YoutubeExplode.Models.MediaStreams.VideoEncoding">
            <summary>
            Video encoding.
            </summary>
        </member>
        <member name="F:YoutubeExplode.Models.MediaStreams.VideoEncoding.Mp4V">
            <summary>
            MPEG-4 Part 2.
            </summary>
        </member>
        <member name="F:YoutubeExplode.Models.MediaStreams.VideoEncoding.H263">
            <summary>
            H263.
            </summary>
        </member>
        <member name="F:YoutubeExplode.Models.MediaStreams.VideoEncoding.H264">
            <summary>
            MPEG-4 Part 10, H264, Advanced Video Coding (AVC).
            </summary>
        </member>
        <member name="F:YoutubeExplode.Models.MediaStreams.VideoEncoding.Vp8">
            <summary>
            VP8.
            </summary>
        </member>
        <member name="F:YoutubeExplode.Models.MediaStreams.VideoEncoding.Vp9">
            <summary>
            VP9.
            </summary>
        </member>
        <member name="F:YoutubeExplode.Models.MediaStreams.VideoEncoding.Av1">
            <summary>
            AV1.
            </summary>
        </member>
        <member name="T:YoutubeExplode.Models.MediaStreams.VideoQuality">
            <summary>
            Video quality.
            </summary>
        </member>
        <member name="F:YoutubeExplode.Models.MediaStreams.VideoQuality.Low144">
            <summary>
            Low quality (144p).
            </summary>
        </member>
        <member name="F:YoutubeExplode.Models.MediaStreams.VideoQuality.Low240">
            <summary>
            Low quality (240p).
            </summary>
        </member>
        <member name="F:YoutubeExplode.Models.MediaStreams.VideoQuality.Medium360">
            <summary>
            Medium quality (360p).
            </summary>
        </member>
        <member name="F:YoutubeExplode.Models.MediaStreams.VideoQuality.Medium480">
            <summary>
            Medium quality (480p).
            </summary>
        </member>
        <member name="F:YoutubeExplode.Models.MediaStreams.VideoQuality.High720">
            <summary>
            High quality (720p).
            </summary>
        </member>
        <member name="F:YoutubeExplode.Models.MediaStreams.VideoQuality.High1080">
            <summary>
            High quality (1080p).
            </summary>
        </member>
        <member name="F:YoutubeExplode.Models.MediaStreams.VideoQuality.High1440">
            <summary>
            High quality (1440p).
            </summary>
        </member>
        <member name="F:YoutubeExplode.Models.MediaStreams.VideoQuality.High2160">
            <summary>
            High quality (2160p).
            </summary>
        </member>
        <member name="F:YoutubeExplode.Models.MediaStreams.VideoQuality.High2880">
            <summary>
            High quality (2880p).
            </summary>
        </member>
        <member name="F:YoutubeExplode.Models.MediaStreams.VideoQuality.High3072">
            <summary>
            High quality (3072p).
            </summary>
        </member>
        <member name="F:YoutubeExplode.Models.MediaStreams.VideoQuality.High4320">
            <summary>
            High quality (4320p).
            </summary>
        </member>
        <member name="T:YoutubeExplode.Models.MediaStreams.VideoResolution">
            <summary>
            Width and height of a video.
            </summary>
        </member>
        <member name="P:YoutubeExplode.Models.MediaStreams.VideoResolution.Width">
            <summary>
            Viewport width.
            </summary>
        </member>
        <member name="P:YoutubeExplode.Models.MediaStreams.VideoResolution.Height">
            <summary>
            Viewport height.
            </summary>
        </member>
        <member name="M:YoutubeExplode.Models.MediaStreams.VideoResolution.#ctor(System.Int32,System.Int32)">
            <summary>
            Initializes an instance of <see cref="T:YoutubeExplode.Models.MediaStreams.VideoResolution"/>.
            </summary>
        </member>
        <member name="M:YoutubeExplode.Models.MediaStreams.VideoResolution.Equals(System.Object)">
            <inheritdoc />
        </member>
        <member name="M:YoutubeExplode.Models.MediaStreams.VideoResolution.Equals(YoutubeExplode.Models.MediaStreams.VideoResolution)">
            <inheritdoc />
        </member>
        <member name="M:YoutubeExplode.Models.MediaStreams.VideoResolution.GetHashCode">
            <inheritdoc />
        </member>
        <member name="M:YoutubeExplode.Models.MediaStreams.VideoResolution.ToString">
            <inheritdoc />
        </member>
        <member name="M:YoutubeExplode.Models.MediaStreams.VideoResolution.op_Equality(YoutubeExplode.Models.MediaStreams.VideoResolution,YoutubeExplode.Models.MediaStreams.VideoResolution)">
            <summary />
        </member>
        <member name="M:YoutubeExplode.Models.MediaStreams.VideoResolution.op_Inequality(YoutubeExplode.Models.MediaStreams.VideoResolution,YoutubeExplode.Models.MediaStreams.VideoResolution)">
            <summary />
        </member>
        <member name="T:YoutubeExplode.Models.MediaStreams.VideoStreamInfo">
            <summary>
            Metadata associated with a certain <see cref="T:YoutubeExplode.Models.MediaStreams.MediaStream"/> that contains only video.
            </summary>
        </member>
        <member name="P:YoutubeExplode.Models.MediaStreams.VideoStreamInfo.Bitrate">
            <summary>
            Bitrate (bits/s) of the associated stream.
            </summary>
        </member>
        <member name="P:YoutubeExplode.Models.MediaStreams.VideoStreamInfo.VideoEncoding">
            <summary>
            Video encoding of the associated stream.
            </summary>
        </member>
        <member name="P:YoutubeExplode.Models.MediaStreams.VideoStreamInfo.VideoQualityLabel">
            <summary>
            Video quality label of the associated stream.
            </summary>
        </member>
        <member name="P:YoutubeExplode.Models.MediaStreams.VideoStreamInfo.VideoQuality">
            <summary>
            Video quality of the associated stream.
            </summary>
        </member>
        <member name="P:YoutubeExplode.Models.MediaStreams.VideoStreamInfo.Resolution">
            <summary>
            Video resolution of the associated stream.
            </summary>
        </member>
        <member name="P:YoutubeExplode.Models.MediaStreams.VideoStreamInfo.Framerate">
            <summary>
            Video framerate (FPS) of the associated stream.
            </summary>
        </member>
        <member name="M:YoutubeExplode.Models.MediaStreams.VideoStreamInfo.#ctor(System.Int32,System.String,YoutubeExplode.Models.MediaStreams.Container,System.Int64,System.Int64,YoutubeExplode.Models.MediaStreams.VideoEncoding,System.String,YoutubeExplode.Models.MediaStreams.VideoQuality,YoutubeExplode.Models.MediaStreams.VideoResolution,System.Int32)">
            <summary>
            Initializes an instance of <see cref="T:YoutubeExplode.Models.MediaStreams.VideoStreamInfo"/>.
            </summary>
        </member>
        <member name="M:YoutubeExplode.Models.MediaStreams.VideoStreamInfo.ToString">
            <inheritdoc />
        </member>
        <member name="T:YoutubeExplode.Models.Playlist">
            <summary>
            Information about a YouTube playlist.
            </summary>
        </member>
        <member name="P:YoutubeExplode.Models.Playlist.Id">
            <summary>
            ID of this playlist.
            </summary>
        </member>
        <member name="P:YoutubeExplode.Models.Playlist.Type">
            <summary>
            Type of this playlist.
            </summary>
        </member>
        <member name="P:YoutubeExplode.Models.Playlist.Author">
            <summary>
            Author of this playlist.
            </summary>
        </member>
        <member name="P:YoutubeExplode.Models.Playlist.Title">
            <summary>
            Title of this playlist.
            </summary>
        </member>
        <member name="P:YoutubeExplode.Models.Playlist.Description">
            <summary>
            Description of this playlist.
            </summary>
        </member>
        <member name="P:YoutubeExplode.Models.Playlist.Statistics">
            <summary>
            Statistics of this playlist.
            </summary>
        </member>
        <member name="P:YoutubeExplode.Models.Playlist.Videos">
            <summary>
            Collection of videos contained in this playlist.
            </summary>
        </member>
        <member name="M:YoutubeExplode.Models.Playlist.#ctor(System.String,System.String,System.String,System.String,YoutubeExplode.Models.Statistics,System.Collections.Generic.IReadOnlyList{YoutubeExplode.Models.Video})">
            <summary>
            Initializes an instance of <see cref="T:YoutubeExplode.Models.Playlist"/>.
            </summary>
        </member>
        <member name="M:YoutubeExplode.Models.Playlist.ToString">
            <inheritdoc />
        </member>
        <member name="M:YoutubeExplode.Models.Playlist.GetPlaylistType(System.String)">
            <summary>
            Get playlist type by ID.
            </summary>
        </member>
        <member name="T:YoutubeExplode.Models.PlaylistType">
            <summary>
            Playlist type.
            </summary>
        </member>
        <member name="F:YoutubeExplode.Models.PlaylistType.Normal">
            <summary>
            Regular playlist created by a user.
            </summary>
        </member>
        <member name="F:YoutubeExplode.Models.PlaylistType.VideoMix">
            <summary>
            Mix playlist generated to group similar videos.
            </summary>
        </member>
        <member name="F:YoutubeExplode.Models.PlaylistType.ChannelVideoMix">
            <summary>
            Mix playlist generated to group similar videos uploaded by the same channel.
            </summary>
        </member>
        <member name="F:YoutubeExplode.Models.PlaylistType.ChannelVideos">
            <summary>
            Playlist generated from channel uploads.
            </summary>
        </member>
        <member name="F:YoutubeExplode.Models.PlaylistType.PopularChannelVideos">
            <summary>
            Playlist generated from popular channel uploads.
            </summary>
        </member>
        <member name="F:YoutubeExplode.Models.PlaylistType.MusicAlbum">
            <summary>
            Playlist generated from automated music videos.
            </summary>
        </member>
        <member name="F:YoutubeExplode.Models.PlaylistType.LikedVideos">
            <summary>
            System playlist for videos liked by a user.
            </summary>
        </member>
        <member name="F:YoutubeExplode.Models.PlaylistType.Favorites">
            <summary>
            System playlist for videos favorited by a user.
            </summary>
        </member>
        <member name="F:YoutubeExplode.Models.PlaylistType.WatchLater">
            <summary>
            System playlist for videos user added to watch later.
            </summary>
        </member>
        <member name="T:YoutubeExplode.Models.Statistics">
            <summary>
            User activity statistics.
            </summary>
        </member>
        <member name="P:YoutubeExplode.Models.Statistics.ViewCount">
            <summary>
            View count.
            </summary>
        </member>
        <member name="P:YoutubeExplode.Models.Statistics.LikeCount">
            <summary>
            Like count.
            </summary>
        </member>
        <member name="P:YoutubeExplode.Models.Statistics.DislikeCount">
            <summary>
            Dislike count.
            </summary>
        </member>
        <member name="P:YoutubeExplode.Models.Statistics.AverageRating">
            <summary>
            Average user rating in stars (1 star to 5 stars).
            </summary>
        </member>
        <member name="M:YoutubeExplode.Models.Statistics.#ctor(System.Int64,System.Int64,System.Int64)">
            <summary>
            Initializes an instance of <see cref="T:YoutubeExplode.Models.Statistics"/>.
            </summary>
        </member>
        <member name="T:YoutubeExplode.Models.ThumbnailSet">
            <summary>
            Set of thumbnails for a video.
            </summary>
        </member>
        <member name="P:YoutubeExplode.Models.ThumbnailSet.LowResUrl">
            <summary>
            Low resolution thumbnail URL.
            </summary>
        </member>
        <member name="P:YoutubeExplode.Models.ThumbnailSet.MediumResUrl">
            <summary>
            Medium resolution thumbnail URL.
            </summary>
        </member>
        <member name="P:YoutubeExplode.Models.ThumbnailSet.HighResUrl">
            <summary>
            High resolution thumbnail URL.
            </summary>
        </member>
        <member name="P:YoutubeExplode.Models.ThumbnailSet.StandardResUrl">
            <summary>
            Standard resolution thumbnail URL.
            Not always available.
            </summary>
        </member>
        <member name="P:YoutubeExplode.Models.ThumbnailSet.MaxResUrl">
            <summary>
            Max resolution thumbnail URL.
            Not always available.
            </summary>
        </member>
        <member name="M:YoutubeExplode.Models.ThumbnailSet.#ctor(System.String)">
            <summary>
            Initializes an instance of <see cref="T:YoutubeExplode.Models.ThumbnailSet"/>.
            </summary>
        </member>
        <member name="T:YoutubeExplode.Models.Video">
            <summary>
            Information about a YouTube video.
            </summary>
        </member>
        <member name="P:YoutubeExplode.Models.Video.Id">
            <summary>
            ID of this video.
            </summary>
        </member>
        <member name="P:YoutubeExplode.Models.Video.Author">
            <summary>
            Author of this video.
            </summary>
        </member>
        <member name="P:YoutubeExplode.Models.Video.UploadDate">
            <summary>
            Upload date of this video.
            </summary>
        </member>
        <member name="P:YoutubeExplode.Models.Video.Title">
            <summary>
            Title of this video.
            </summary>
        </member>
        <member name="P:YoutubeExplode.Models.Video.Description">
            <summary>
            Description of this video.
            </summary>
        </member>
        <member name="P:YoutubeExplode.Models.Video.Thumbnails">
            <summary>
            Thumbnails of this video.
            </summary>
        </member>
        <member name="P:YoutubeExplode.Models.Video.Duration">
            <summary>
            Duration of this video.
            </summary>
        </member>
        <member name="P:YoutubeExplode.Models.Video.Keywords">
            <summary>
            Search keywords of this video.
            </summary>
        </member>
        <member name="P:YoutubeExplode.Models.Video.Statistics">
            <summary>
            Statistics of this video.
            </summary>
        </member>
        <member name="M:YoutubeExplode.Models.Video.#ctor(System.String,System.String,System.DateTimeOffset,System.String,System.String,YoutubeExplode.Models.ThumbnailSet,System.TimeSpan,System.Collections.Generic.IReadOnlyList{System.String},YoutubeExplode.Models.Statistics)">
            <summary>
            Initializes an instance of <see cref="T:YoutubeExplode.Models.Video"/>.
            </summary>
        </member>
        <member name="M:YoutubeExplode.Models.Video.ToString">
            <inheritdoc />
        </member>
        <member name="T:YoutubeExplode.YoutubeClient">
            <summary>
            The entry point for <see cref="N:YoutubeExplode"/>.
            </summary>
        </member>
        <member name="M:YoutubeExplode.YoutubeClient.GetChannelIdAsync(System.String)">
            <inheritdoc />
        </member>
        <member name="M:YoutubeExplode.YoutubeClient.GetChannelAsync(System.String)">
            <inheritdoc />
        </member>
        <member name="M:YoutubeExplode.YoutubeClient.GetChannelUploadsAsync(System.String,System.Int32)">
            <inheritdoc />
        </member>
        <member name="M:YoutubeExplode.YoutubeClient.GetChannelUploadsAsync(System.String)">
            <inheritdoc />
        </member>
        <member name="M:YoutubeExplode.YoutubeClient.GetClosedCaptionTrackAsync(YoutubeExplode.Models.ClosedCaptions.ClosedCaptionTrackInfo)">
            <inheritdoc />
        </member>
        <member name="M:YoutubeExplode.YoutubeClient.DownloadClosedCaptionTrackAsync(YoutubeExplode.Models.ClosedCaptions.ClosedCaptionTrackInfo,System.IO.Stream,System.IProgress{System.Double},System.Threading.CancellationToken)">
            <inheritdoc />
        </member>
        <member name="M:YoutubeExplode.YoutubeClient.DownloadClosedCaptionTrackAsync(YoutubeExplode.Models.ClosedCaptions.ClosedCaptionTrackInfo,System.String,System.IProgress{System.Double},System.Threading.CancellationToken)">
            <inheritdoc />
        </member>
        <member name="M:YoutubeExplode.YoutubeClient.#ctor(System.Net.Http.HttpClient)">
            <summary>
            Creates an instance of <see cref="T:YoutubeExplode.YoutubeClient"/>.
            </summary>
        </member>
        <member name="M:YoutubeExplode.YoutubeClient.#ctor">
            <summary>
            Creates an instance of <see cref="T:YoutubeExplode.YoutubeClient"/>.
            </summary>
        </member>
        <member name="M:YoutubeExplode.YoutubeClient.GetMediaStreamAsync(YoutubeExplode.Models.MediaStreams.MediaStreamInfo)">
            <inheritdoc />
        </member>
        <member name="M:YoutubeExplode.YoutubeClient.DownloadMediaStreamAsync(YoutubeExplode.Models.MediaStreams.MediaStreamInfo,System.IO.Stream,System.IProgress{System.Double},System.Threading.CancellationToken)">
            <inheritdoc />
        </member>
        <member name="M:YoutubeExplode.YoutubeClient.DownloadMediaStreamAsync(YoutubeExplode.Models.MediaStreams.MediaStreamInfo,System.String,System.IProgress{System.Double},System.Threading.CancellationToken)">
            <inheritdoc />
        </member>
        <member name="M:YoutubeExplode.YoutubeClient.GetPlaylistAsync(System.String,System.Int32)">
            <inheritdoc />
        </member>
        <member name="M:YoutubeExplode.YoutubeClient.GetPlaylistAsync(System.String)">
            <inheritdoc />
        </member>
        <member name="M:YoutubeExplode.YoutubeClient.SearchVideosAsync(System.String,System.Int32)">
            <inheritdoc />
        </member>
        <member name="M:YoutubeExplode.YoutubeClient.SearchVideosAsync(System.String)">
            <inheritdoc />
        </member>
        <member name="M:YoutubeExplode.YoutubeClient.ValidateVideoId(System.String)">
            <summary>
            Verifies that the given string is syntactically a valid YouTube video ID.
            </summary>
        </member>
        <member name="M:YoutubeExplode.YoutubeClient.TryParseVideoId(System.String,System.String@)">
            <summary>
            Tries to parse video ID from a YouTube video URL.
            </summary>
        </member>
        <member name="M:YoutubeExplode.YoutubeClient.ParseVideoId(System.String)">
            <summary>
            Parses video ID from a YouTube video URL.
            </summary>
        </member>
        <member name="M:YoutubeExplode.YoutubeClient.ValidatePlaylistId(System.String)">
            <summary>
            Verifies that the given string is syntactically a valid YouTube playlist ID.
            </summary>
        </member>
        <member name="M:YoutubeExplode.YoutubeClient.TryParsePlaylistId(System.String,System.String@)">
            <summary>
            Tries to parse playlist ID from a YouTube playlist URL.
            </summary>
        </member>
        <member name="M:YoutubeExplode.YoutubeClient.ParsePlaylistId(System.String)">
            <summary>
            Parses playlist ID from a YouTube playlist URL.
            </summary>
        </member>
        <member name="M:YoutubeExplode.YoutubeClient.ValidateUsername(System.String)">
            <summary>
            Verifies that the given string is syntactically a valid YouTube username.
            </summary>
        </member>
        <member name="M:YoutubeExplode.YoutubeClient.TryParseUsername(System.String,System.String@)">
            <summary>
            Tries to parse username from a YouTube user URL.
            </summary>
        </member>
        <member name="M:YoutubeExplode.YoutubeClient.ParseUsername(System.String)">
            <summary>
            Parses username from a YouTube user URL.
            </summary>
        </member>
        <member name="M:YoutubeExplode.YoutubeClient.ValidateChannelId(System.String)">
            <summary>
            Verifies that the given string is syntactically a valid YouTube channel ID.
            </summary>
        </member>
        <member name="M:YoutubeExplode.YoutubeClient.TryParseChannelId(System.String,System.String@)">
            <summary>
            Tries to parse channel ID from a YouTube channel URL.
            </summary>
        </member>
        <member name="M:YoutubeExplode.YoutubeClient.ParseChannelId(System.String)">
            <summary>
            Parses channel ID from a YouTube channel URL.
            </summary>
        </member>
        <member name="M:YoutubeExplode.YoutubeClient.GetVideoAsync(System.String)">
            <inheritdoc />
        </member>
        <member name="M:YoutubeExplode.YoutubeClient.GetVideoAuthorChannelAsync(System.String)">
            <inheritdoc />
        </member>
        <member name="M:YoutubeExplode.YoutubeClient.GetVideoMediaStreamInfosAsync(System.String)">
            <inheritdoc />
        </member>
        <member name="M:YoutubeExplode.YoutubeClient.GetVideoClosedCaptionTrackInfosAsync(System.String)">
            <inheritdoc />
        </member>
        <member name="T:System.Diagnostics.CodeAnalysis.AllowNullAttribute">
            <summary>
                Specifies that <see langword="null"/> is allowed as an input even if the
                corresponding type disallows it.
            </summary>
        </member>
        <member name="M:System.Diagnostics.CodeAnalysis.AllowNullAttribute.#ctor">
            <summary>
                Initializes a new instance of the <see cref="T:System.Diagnostics.CodeAnalysis.AllowNullAttribute"/> class.
            </summary>
        </member>
        <member name="T:System.Diagnostics.CodeAnalysis.DisallowNullAttribute">
            <summary>
                Specifies that <see langword="null"/> is disallowed as an input even if the
                corresponding type allows it.
            </summary>
        </member>
        <member name="M:System.Diagnostics.CodeAnalysis.DisallowNullAttribute.#ctor">
            <summary>
                Initializes a new instance of the <see cref="T:System.Diagnostics.CodeAnalysis.DisallowNullAttribute"/> class.
            </summary>
        </member>
        <member name="T:System.Diagnostics.CodeAnalysis.DoesNotReturnAttribute">
            <summary>
                Specifies that a method that will never return under any circumstance.
            </summary>
        </member>
        <member name="M:System.Diagnostics.CodeAnalysis.DoesNotReturnAttribute.#ctor">
            <summary>
                Initializes a new instance of the <see cref="T:System.Diagnostics.CodeAnalysis.DoesNotReturnAttribute"/> class.
            </summary>
        </member>
        <member name="T:System.Diagnostics.CodeAnalysis.DoesNotReturnIfAttribute">
            <summary>
                Specifies that the method will not return if the associated <see cref="T:System.Boolean"/>
                parameter is passed the specified value.
            </summary>
        </member>
        <member name="P:System.Diagnostics.CodeAnalysis.DoesNotReturnIfAttribute.ParameterValue">
            <summary>
                Gets the condition parameter value.
                Code after the method is considered unreachable by diagnostics if the argument
                to the associated parameter matches this value.
            </summary>
        </member>
        <member name="M:System.Diagnostics.CodeAnalysis.DoesNotReturnIfAttribute.#ctor(System.Boolean)">
            <summary>
                Initializes a new instance of the <see cref="T:System.Diagnostics.CodeAnalysis.DoesNotReturnIfAttribute"/>
                class with the specified parameter value.
            </summary>
            <param name="parameterValue">
                The condition parameter value.
                Code after the method is considered unreachable by diagnostics if the argument
                to the associated parameter matches this value.
            </param>
        </member>
        <member name="T:System.Diagnostics.CodeAnalysis.MaybeNullAttribute">
            <summary>
                Specifies that an output may be <see langword="null"/> even if the
                corresponding type disallows it.
            </summary>
        </member>
        <member name="M:System.Diagnostics.CodeAnalysis.MaybeNullAttribute.#ctor">
            <summary>
                Initializes a new instance of the <see cref="T:System.Diagnostics.CodeAnalysis.MaybeNullAttribute"/> class.
            </summary>
        </member>
        <member name="T:System.Diagnostics.CodeAnalysis.MaybeNullWhenAttribute">
            <summary>
                Specifies that when a method returns <see cref="P:System.Diagnostics.CodeAnalysis.MaybeNullWhenAttribute.ReturnValue"/>, 
                the parameter may be <see langword="null"/> even if the corresponding type disallows it.
            </summary>
        </member>
        <member name="P:System.Diagnostics.CodeAnalysis.MaybeNullWhenAttribute.ReturnValue">
            <summary>
                Gets the return value condition.
                If the method returns this value, the associated parameter may be <see langword="null"/>.
            </summary>
        </member>
        <member name="M:System.Diagnostics.CodeAnalysis.MaybeNullWhenAttribute.#ctor(System.Boolean)">
            <summary>
                 Initializes the attribute with the specified return value condition.
            </summary>
            <param name="returnValue">
                The return value condition.
                If the method returns this value, the associated parameter may be <see langword="null"/>.
            </param>
        </member>
        <member name="T:System.Diagnostics.CodeAnalysis.NotNullAttribute">
            <summary>
                Specifies that an output is not <see langword="null"/> even if the
                corresponding type allows it.
            </summary>
        </member>
        <member name="M:System.Diagnostics.CodeAnalysis.NotNullAttribute.#ctor">
            <summary>
                Initializes a new instance of the <see cref="T:System.Diagnostics.CodeAnalysis.NotNullAttribute"/> class.
            </summary>
        </member>
        <member name="T:System.Diagnostics.CodeAnalysis.NotNullIfNotNullAttribute">
            <summary>
                Specifies that the output will be non-<see langword="null"/> if the
                named parameter is non-<see langword="null"/>.
            </summary>
        </member>
        <member name="P:System.Diagnostics.CodeAnalysis.NotNullIfNotNullAttribute.ParameterName">
            <summary>
                Gets the associated parameter name.
                The output will be non-<see langword="null"/> if the argument to the
                parameter specified is non-<see langword="null"/>.
            </summary>
        </member>
        <member name="M:System.Diagnostics.CodeAnalysis.NotNullIfNotNullAttribute.#ctor(System.String)">
            <summary>
                Initializes the attribute with the associated parameter name.
            </summary>
            <param name="parameterName">
                The associated parameter name.
                The output will be non-<see langword="null"/> if the argument to the
                parameter specified is non-<see langword="null"/>.
            </param>
        </member>
        <member name="T:System.Diagnostics.CodeAnalysis.NotNullWhenAttribute">
            <summary>
                Specifies that when a method returns <see cref="P:System.Diagnostics.CodeAnalysis.NotNullWhenAttribute.ReturnValue"/>,
                the parameter will not be <see langword="null"/> even if the corresponding type allows it.
            </summary>
        </member>
        <member name="P:System.Diagnostics.CodeAnalysis.NotNullWhenAttribute.ReturnValue">
            <summary>
                Gets the return value condition.
                If the method returns this value, the associated parameter will not be <see langword="null"/>.
            </summary>
        </member>
        <member name="M:System.Diagnostics.CodeAnalysis.NotNullWhenAttribute.#ctor(System.Boolean)">
            <summary>
                Initializes the attribute with the specified return value condition.
            </summary>
            <param name="returnValue">
                The return value condition.
                If the method returns this value, the associated parameter will not be <see langword="null"/>.
            </param>
        </member>
    </members>
</doc>
